Friends,Date of birth
Doreen Velasquez,1987-07-08
Fran Salinas,1986-08-17
Mark Blackburn,2002-02-20
Erin Arnold,2008-06-26
Jodie Plummer,1996-05-20
Buddy Slaughter,1989-04-11
Erna Ray,2011-05-08
Everette Barker,1988-10-12
Wilfred Campos,1990-03-18
Kevin Hancock,2001-03-16
Oscar Fernandez,2003-09-21
Hillary Hansen,2004-08-18
Loyd Lloyd,1998-01-29
Dale Gibbons,2008-10-06
Felix Ingram,2008-03-02
Lashonda Mann,1987-12-24
Noel Chaney,2003-04-30
Becky Trujillo,2009-01-19
Sonny Villa,1996-11-23
Fletcher Richard,1996-04-21
Millie Jarvis,1999-05-20
Sammie Rollins,1993-01-20
Lacy Gibson,1993-03-30
Eliseo Cleveland,1988-04-02
Denice Kemp,1993-04-10
Alene Schwartz,2005-02-10
Michael Hogan,1995-08-12
Elwood Walden,2010-04-14
Blanca Waller,2002-12-08
Sebastian Farmer,1996-01-12
Manuel Hutchinson,1989-07-04
Eddie Caldwell,2001-08-16
Jamie Bean,1999-08-20
Jefferson Johns,1997-02-09
Flossie Jacobs,2007-10-26
Darla Roman,1995-12-22
Vernon Beasley,2004-12-22
Mark Chavez,2013-11-19
Leola Pace,2007-09-21
Ryan Gross,1998-02-20
Eunice Hess,1990-02-17
Alfredo Mahoney,1989-12-27
Vito Goss,1988-06-25
Letitia Merritt,2008-11-27
Kendra Hanna,1990-05-08
Tracy Grady,2006-12-02
Brenda Macdonald,2004-09-30
Tara Oneill,2005-06-09
Chauncey Koch,2002-03-20
Ken Bullock,1992-01-21
